BEGIN;
INSERT INTO "net.reputation"."Set" VALUES (
    1,
    'AOINDUSTRIES',
    'global',
    true,
    1000000,
    127,
    1023,
    24,
    15,
    3600,
    '2012-08-13 05:45:38.629683-05',
    3600,
    '2012-08-13 05:45:38.629683-05',
    '2012-08-13 05:45:38.629683-05',
);
-- XLITE667
INSERT INTO "net.reputation"."Set" VALUES (
    2,
    'XLITE667',
    'xlite_users_43594',
    false,
    1000000,
    127,
    1023,
    24,
    15,
    3600,
    '2012-08-13 05:47:37.638487-05',
    3600,
    '2012-08-13 05:47:37.638487-05',
    '2012-08-13 05:47:37.638487-05'
);
INSERT INTO account."User" VALUES ('xlite_ipreputation', 'XLITE667', null);
INSERT INTO account."Administrator" VALUES (
    'xlite_ipreputation',
    '9Knpnj2HM4JcW+XkMXcSWBcL1l8=',
    'IP Reputation Source',
    null,
    null,
    false,
    true,
    '2012-08-17 05:44:46.372192',
    '(205)454-2556',
    null,
    null,
    null,
    'support@lnxhosting.ca',
    null,
    null,
    null,
    null,
    null,
    null,
    null,
    false,
    null
);
-- EMORTALZ
INSERT INTO "net.reputation"."Set" VALUES (
    3,
    'EMORTALZ',
    'emortalz',
    false,
    1000000,
    127,
    1023,
    24,
    15,
    3600,
    '2012-10-08 19:11:22.781276-05',
    3600,
    '2012-10-08 19:11:22.781276-05',
    '2012-10-08 19:11:22.781276-05'
);
INSERT INTO account."User" VALUES ('emortalz_ipreputation', 'EMORTALZ', null);
INSERT INTO account."Administrator" VALUES (
    'emortalz_ipreputation',
    '3P046fBA7XbUyPwQnLXavb66OkE=', -- 95ShelshBrin
    'IP Reputation Source',
    null,
    null,
    false,
    true,
    '2012-10-09 01:04:23.828338-05',
    '(205)454-2556',
    null,
    null,
    null,
    'support@lnxhosting.ca',
    null,
    null,
    null,
    null,
    null,
    null,
    null,
    false,
    null
);
-- PROJECT_LA
INSERT INTO "net.reputation"."Set" VALUES (
    4,
    'PROJECT_LA',
    'pla',
    false,
    1000000,
    127,
    1023,
    24,
    15,
    3600,
    '2012-10-08 19:12:02.405987-05',
    3600,
    '2012-10-08 19:12:02.405987-05',
    '2012-10-08 19:12:02.405987-05'
);
INSERT INTO account."User" VALUES ('pla_ipreputation', 'PROJECT_LA', null);
INSERT INTO account."Administrator" VALUES (
    'pla_ipreputation',
    'nBtCz/A4hzfMroXSRvIR3j7sI8k=', -- Clerd7Ejar4
    'IP Reputation Source',
    null,
    null,
    false,
    true,
    '2012-10-09 01:05:05.634743-05',
    '(205)454-2556',
    null,
    null,
    null,
    'support@lnxhosting.ca',
    null,
    null,
    null,
    null,
    null,
    null,
    null,
    false,
    null
);
-- RUNEREBE
INSERT INTO "net.reputation"."Set" VALUES (
    5,
    'RUNEREBE',
    'runerebe',
    false,
    1000000,
    127,
    1023,
    24,
    15,
    3600,
    '2012-10-08 19:12:46.554972-05',
    3600,
    '2012-10-08 19:12:46.554972-05',
    '2012-10-08 19:12:46.554972-05'
);
INSERT INTO account."User" VALUES ('runerebe_ipreputation', 'RUNEREBE', null);
INSERT INTO account."Administrator" VALUES (
    'runerebe_ipreputation',
    'r3Qcv7WrPdlaEy7B9xK6JwOWrpg=', -- HonarUslah83
    'IP Reputation Source',
    null,
    null,
    false,
    true,
    '2012-10-09 01:06:01.827199-05',
    '(205)454-2556',
    null,
    null,
    null,
    'support@lnxhosting.ca',
    null,
    null,
    null,
    null,
    null,
    null,
    null,
    false,
    null
);
-- WEBLARA
INSERT INTO "net.reputation"."Set" VALUES (
    6,
    'WEBLARA',
    'weblara',
    false,
    1000000,
    127,
    1023,
    24,
    15,
    3600,
    '2012-10-08 19:13:17.79102-05',
    3600,
    '2012-10-08 19:13:17.79102-05',
    '2012-10-08 19:13:17.79102-05'
);
INSERT INTO account."User" VALUES ('weblara_ipreputation', 'WEBLARA', null);
INSERT INTO account."Administrator" VALUES (
    'weblara_ipreputation',
    'vZs0tdZY1bcc+sbPqsOf7SrqBZc=', -- Dwex8Oloh7
    'IP Reputation Source',
    null,
    null,
    false,
    true,
    '2012-10-09 01:07:33.439727-05',
    '(205)454-2556',
    null,
    null,
    null,
    'support@lnxhosting.ca',
    null,
    null,
    null,
    null,
    null,
    null,
    null,
    false,
    null
);
-- LOSTHOPERSPS
INSERT INTO "net.reputation"."Set" VALUES (
    7,
    'LOSTHOPERSPS',
    'losthopersps',
    false,
    1000000,
    127,
    1023,
    24,
    15,
    3600,
    '2012-10-08 22:07:20.030039-05',
    3600,
    '2012-10-08 22:07:20.030039-05',
    '2012-10-08 22:07:20.030039-05'
);
INSERT INTO account."User" VALUES ('losthopersps_ipreputation', 'LOSTHOPERSPS', null);
INSERT INTO account."Administrator" VALUES (
    'losthopersps_ipreputation',
    'FuMGKMko4XiRnW+E5YOPTtOIq48=', -- 7Gworvyo4Ajo
    'IP Reputation Source',
    null,
    null,
    false,
    true,
    '2012-10-09 01:08:15.662196-05',
    '(205)454-2556',
    null,
    null,
    null,
    'support@lnxhosting.ca',
    null,
    null,
    null,
    null,
    null,
    null,
    null,
    false,
    null
);
-- GTAPOLICEMODS
INSERT INTO "net.reputation"."Set" VALUES (
    8,
    'GTAPOLICEMODS',
    'gtapolicemods',
    false,
    1000000,
    127,
    1023,
    24,
    15,
    3600,
    '2012-10-09 00:12:35.149496-05',
    3600,
    '2012-10-09 00:12:35.149496-05',
    '2012-10-09 00:12:35.149496-05'
);
INSERT INTO account."User" VALUES ('gtapolicemods_ipreputation', 'GTAPOLICEMODS', null);
INSERT INTO account."Administrator" VALUES (
    'gtapolicemods_ipreputation',
    'phJUN8xiPPc/nwPl+wEu2gQPVcA=', -- 2Swuss2Siveor
    'IP Reputation Source',
    null,
    null,
    false,
    true,
    '2012-10-09 01:09:33.587995-05',
    '(205)454-2556',
    null,
    null,
    null,
    'support@lnxhosting.ca',
    null,
    null,
    null,
    null,
    null,
    null,
    null,
    false,
    null
);
-- SERVER9803
INSERT INTO "net.reputation"."Set" VALUES (
    9,
    'SERVER9803',
    'server9803',
    false,
    1000000,
    127,
    1023,
    24,
    15,
    3600,
    '2012-12-13 14:06:00.037015-06',
    3600,
    '2012-12-13 14:06:00.037015-06',
    '2012-12-13 14:06:00.037015-06'
);
INSERT INTO account."User" VALUES ('server9803_ipreputation', 'SERVER9803', null);
INSERT INTO account."Administrator" VALUES (
    'server9803_ipreputation',
    '/JyltqZ7EK/26', -- Cuxio7Igrio2
    'IP Reputation Source',
    null,
    null,
    false,
    true,
    '2012-12-13 14:06:00.037015-06',
    '(205)454-2556',
    null,
    null,
    null,
    'support@lnxhosting.ca',
    null,
    null,
    null,
    null,
    null,
    null,
    null,
    false,
    null
);
-- GATEWAYNS_COM_2
INSERT INTO "net.reputation"."Set" VALUES (
    10,
    'GATEWAYNS_COM_2',
    'gatewayns',
    false,
    1000000,
    127,
    1023,
    24,
    15,
    3600,
    '2013-01-17 15:47:52.959342-06',
    3600,
    '2013-01-17 15:47:52.959342-06',
    '2013-01-17 15:47:52.959342-06'
);
INSERT INTO account."User" VALUES ('gatewayns_ipreputation', 'GATEWAYNS_COM_2', null);
INSERT INTO account."Administrator" VALUES (
    'gatewayns_ipreputation',
    'DY.7ZiblIt/ok', -- Ceg37Oskarth
    'IP Reputation Source',
    null,
    null,
    false,
    true,
    '2013-01-17 15:49:09.230783-06',
    '(205)454-2556',
    null,
    null,
    null,
    'support@lnxhosting.ca',
    null,
    null,
    null,
    null,
    null,
    null,
    null,
    false,
    null
);
-- MCRP
INSERT INTO "net.reputation"."Set" VALUES (
    11,
    'MCRP',
    'mcrp',
    false,
    1000000,
    127,
    1023,
    24,
    15,
    3600,
    '2013-02-09 14:43:49.508057-06',
    3600,
    '2013-02-09 14:43:49.508057-06',
    '2013-02-09 14:43:49.508057-06'
);
INSERT INTO account."User" VALUES ('mcrp_ipreputation', 'MCRP', null);
INSERT INTO account."Administrator" VALUES (
    'mcrp_ipreputation',
    'E5hAHvDg8bvFQK82CWSa7O32044=', -- 4ChirthScrilk3
    'IP Reputation Source',
    null,
    null,
    false,
    true,
    '2013-02-09 14:44:36.312202-06',
    '(205)454-2556',
    null,
    null,
    null,
    'support@aoindustries.com',
    null,
    null,
    null,
    null,
    null,
    null,
    null,
    false,
    null
);
-- NAPIHOST_COM
INSERT INTO "net.reputation"."Set" VALUES (
    12,
    'NAPIHOST_COM',
    'napihost',
    false,
    1000000,
    127,
    1023,
    24,
    15,
    3600,
    '2013-02-10 17:14:49.552482-06',
    3600,
    '2013-02-10 17:14:49.552482-06',
    '2013-02-10 17:14:49.552482-06'
);
INSERT INTO account."User" VALUES ('napihost_ipreputation', 'NAPIHOST_COM', null);
INSERT INTO account."Administrator" VALUES (
    'napihost_ipreputation',
    'AwT6AxtZ0GV5V9XAZskauog9gGA=', -- Splifar98Orchya
    'IP Reputation Source',
    null,
    null,
    false,
    true,
    '2013-02-10 17:18:12.568276-06',
    '(205)454-2556',
    null,
    null,
    null,
    'support@aoindustries.com',
    null,
    null,
    null,
    null,
    null,
    null,
    null,
    false,
    null
);
-- WEB_MCRP
INSERT INTO "net.reputation"."Set" VALUES (
    13,
    'WEB_MCRP',
    'web_mcrp',
    false,
    1000000,
    127,
    1023,
    24,
    15,
    3600,
    '2013-02-13 17:19:01.883687-06',
    3600,
    '2013-02-13 17:19:01.883687-06',
    '2013-02-13 17:19:01.883687-06'
);
INSERT INTO account."User" VALUES ('web_mcrp_ipreputation', 'WEB_MCRP', null);
INSERT INTO account."Administrator" VALUES (
    'web_mcrp_ipreputation',
    '25hTwYzQJrCSGnahmhxV44Xu63c=', -- 9Caphoy4Cralp
    'IP Reputation Source',
    null,
    null,
    false,
    true,
    '2013-02-13 17:20:08.032276-06',
    '(205)454-2556',
    null,
    null,
    null,
    'support@aoindustries.com',
    null,
    null,
    null,
    null,
    null,
    null,
    null,
    false,
    null
);
-- VHF
INSERT INTO "net.reputation"."Set" VALUES (
    14,
    'VHF',
    'vhf',
    false,
    1000000,
    127,
    1023,
    24,
    15,
    3600,
    '2013-02-17 19:33:54.40538-06',
    3600,
    '2013-02-17 19:33:54.40538-06',
    '2013-02-17 19:33:54.40538-06'
);
INSERT INTO account."User" VALUES ('vhf_ipreputation', 'VHF', null);
INSERT INTO account."Administrator" VALUES (
    'vhf_ipreputation',
    'osg3q3B+NNQTRRTNibeCApLzL/g=', -- 2UthreyUsnirf7
    'IP Reputation Source',
    null,
    null,
    false,
    true,
    '2013-02-17 19:35:03.22937-06',
    '(205)454-2556',
    null,
    null,
    null,
    'support@aoindustries.com',
    null,
    null,
    null,
    null,
    null,
    null,
    null,
    false,
    null
);
-- LB3_CK101_COM
INSERT INTO "net.reputation"."Set" VALUES (
    15,
    'LB3_CK101_COM',
    'ck101',
    false,
    1000000,
    127,
    1023,
    24,
    15,
    3600,
    '2013-04-10 05:11:55.219715-05',
    3600,
    '2013-04-10 05:11:55.219715-05',
    '2013-04-10 05:11:55.219715-05'
);
INSERT INTO account."User" VALUES ('ck101_ipreputation', 'LB3_CK101_COM', null);
INSERT INTO account."Administrator" VALUES (
    'ck101_ipreputation',
    '1lFAa9daKmvAmpuxqt8onMmEOkE=', -- CavyDrilt59
    'IP Reputation Source',
    null,
    null,
    false,
    true,
    '2013-04-10 05:13:30.132862-05',
    '(205)454-2556',
    null,
    null,
    null,
    'support@aoindustries.com',
    null,
    null,
    null,
    null,
    null,
    null,
    null,
    false,
    null
);
-- CHANGEME_COM
INSERT INTO "net.reputation"."Set" VALUES (
    16,
    'CHANGEME_COM',
    'changeme',
    false,
    1000000,
    127,
    1023,
    24,
    15,
    3600,
    '2014-03-14 02:44:30.853719-05',
    3600,
    '2014-03-14 02:44:30.853719-05',
    '2014-03-14 02:44:30.853719-05'
);
INSERT INTO account."User" VALUES ('changeme_ipreputation', 'CHANGEME_COM', null);
INSERT INTO account."Administrator" VALUES (
    'changeme_ipreputation',
    'aqDRzNnooeETghd5N6vt7duBZeo=', -- Shok86Unkave
    'IP Reputation Source',
    null,
    null,
    false,
    true,
    '2014-03-14 02:50:26.671396-05',
    '(205)454-2556',
    null,
    null,
    null,
    'support@aoindustries.com',
    null,
    null,
    null,
    null,
    null,
    null,
    null,
    false,
    null
);
SELECT setval('"net.reputation"."Set_id_seq"', 17, false);
COMMIT;
